<?xml version="1.0" encoding="UTF-8"?>
<Displays xmlns:xsi="http://www.w3.org/2001/XMLSchema-instance" xsi:noNamespaceSchemaLocation="../../xdat/display.xsd" schema-element="dpuk:dpukAssessmentData" full-description="DPUKAssessment" brief-description="DPUKAssessment">
	<Arc name="PARTICIPANT_EXPERIMENT">
		<CommonField id="PART_ID" local-field="SUBJECT_ID"/>
		<CommonField id="DATE" local-field="DATE"/>
		<CommonField id="EXPT_ID" local-field="EXPT_ID"/>
	</Arc>
	<DisplayField id="SUBJECT_ID" header="Subject" visible="true" searchable="true">
		<DisplayFieldElement name="Field1" schema-element="dpuk:dpukAssessmentData.subject_ID"/>
		<HTML-Link>
			<Property name="HREF" value="none"/>
			<Property name="ONCLICK" value="return rpt('@Field1','xnat:subjectData','xnat:subjectData.ID');">
				<InsertValue id="Field1" field="SUBJECT_ID"/>
			</Property>
		</HTML-Link>
	</DisplayField>
	<DisplayField id="EXPT_ID" header="ID" visible="true" searchable="true">
		<DisplayFieldElement name="Field1" schema-element="dpuk:dpukAssessmentData.ID"/>
		<HTML-Link>
			<Property name="HREF" value="none"/>
			<Property name="ONCLICK" value="return rpt('@Field1','dpuk:dpukAssessmentData','dpuk:dpukAssessmentData.ID');">
				<InsertValue id="Field1" field="EXPT_ID"/>
			</Property>
		</HTML-Link>
	</DisplayField>
	<DisplayField id="RPT" header="ID" visible="true" image="true">
		<Content type="sql">'/@WEBAPP/images/r.gif'::text</Content>
		<HTML-Link>
			<Property name="HREF" value="none"/>
			<Property name="ONCLICK" value="return rpt('@Field1','dpuk:dpukAssessmentData','dpuk:dpukAssessmentData.ID');">
				<InsertValue id="Field1" field="EXPT_ID"/>
			</Property>
		</HTML-Link>
	</DisplayField>
	<DisplayField id="DATE" header="Date" visible="true" searchable="true">
		<DisplayFieldElement name="Field1" schema-element="dpuk:dpukAssessmentData.date"/>
	</DisplayField>
	<DisplayField id="AGE" header="Age" visible="true" searchable="true" data-type="integer">
	<DisplayFieldElement name="Field1" schema-element="dpuk:dpukAssessmentData.date"/>
	<DisplayFieldElement name="Field2" schema-element="xnat:demographicData.dob"/>
	<DisplayFieldElement name="Field3" schema-element="xnat:demographicData.yob"/>
	<Content type="sql">CAST(COALESCE(FLOOR(CAST((CAST(((@Field1) - (@Field2))AS FLOAT4)/365) AS numeric)),FLOOR((EXTRACT(YEAR FROM @Field1)) - (@Field3))) AS numeric)</Content>
	</DisplayField>
	<DisplayField header="Projects" id="PROJECTS" data-type="string">
		<DisplayFieldElement name="Field1" viewName="DPUK_DPUKASSESSMENTDATA_PROJECTS" viewColumn="PROJECTS"/>
	</DisplayField>
	<DisplayField header="Label" id="Label" data-type="string">
	<DisplayFieldElement name="Field1" schema-element="dpuk:dpukAssessmentData.ID"/>
	<DisplayFieldElement name="Field2" schema-element="dpuk:dpukAssessmentData.label"/>
	<Content type="sql">COALESCE(@Field2, @Field1)</Content>
		<HTML-Link>
			<SecureLink elementName="dpuk:dpukAssessmentData">
				<securityMappingValue displayFieldId="PROJECTS" schemaElementMap="dpuk:dpukAssessmentData/sharing/share/project"/>
				<securityMappingValue displayFieldId="PROJECT" schemaElementMap="dpuk:dpukAssessmentData/project"/>
			</SecureLink>
			<Property name="HREF" value="@WEBAPPapp/action/DisplayItemAction/search_value/@Field1/search_element/dpuk:dpukAssessmentData/search_field/dpuk:dpukAssessmentData.ID">
				<InsertValue id="Field1" field="EXPT_ID"/>
			</Property>
			<Property name="ONCLICK" value="return rpt('@Field1','dpuk:dpukAssessmentData','dpuk:dpukAssessmentData.ID');">
				<InsertValue id="Field1" field="EXPT_ID"/>
			</Property>
			<Property name="TITLE" value="Inserted: @Field1 (@Field2)">
				<InsertValue id="Field1" field="INSERT_DATE"/>
				<InsertValue id="Field2" field="INSERT_USER"/>
			</Property>
		</HTML-Link>
	</DisplayField>
	<DisplayField id="PROJECT" header="Project" visible="true" searchable="true" data-type="string">
		<DisplayFieldElement name="Field1" schema-element="dpuk:dpukAssessmentData.project"/>
	</DisplayField>
	<DisplayField id="DPUK_DPUKASSESSMENTDATA_PROJECT_IDENTIFIER" header="DPUK Label" visible="true" searchable="false" data-type="string" xsi:type="SubQueryField">
		<Content type="sql">dpuk_dpukassessmentdata_project_id</Content>
		<HTML-Link>
			<SecureLink elementName="dpuk:dpukAssessmentData">
				<securityMappingValue displayFieldId="PROJECTS" schemaElementMap="dpuk:dpukAssessmentData/sharing/share/project"/>
				<securityMappingValue displayFieldId="PROJECT" schemaElementMap="dpuk:dpukAssessmentData/project"/>
			</SecureLink>
			<Property name="HREF" value="@WEBAPPapp/action/DisplayItemAction/search_value/@Field1/search_element/dpuk:dpukAssessmentData/search_field/dpuk:dpukAssessmentData.ID/project/@Field2">
				<InsertValue id="Field1" field="EXPT_ID"/>
				<InsertValue id="Field2" field="@WHERE"/>
			</Property>
		</HTML-Link>
		<SubQuery>SELECT DISTINCT COALESCE(label,sharing_share_xnat_experimentda_id) AS dpuk_dpukassessmentdata_project_id,sharing_share_xnat_experimentda_id FROM (	SELECT sharing_share_xnat_experimentda_id,label FROM xnat_experimentdata_share WHERE project='@WHERE'	UNION 	SELECT id,label FROM xnat_experimentData WHERE project='@WHERE' )SEARCH</SubQuery>
		<MappingColumns>
			<MappingColumn schemaField="dpuk:dpukAssessmentData.ID" queryField="sharing_share_xnat_experimentda_id"/>
		</MappingColumns>
	</DisplayField>
	<DisplayField id="INSERT_DATE" header="Inserted" visible="true" searchable="true" data-type="string">
		<DisplayFieldElement name="Field1" schema-element="dpuk:dpukAssessmentData.meta.insert_date"/>
	</DisplayField>
	<DisplayField id="INSERT_USER" header="Creator" visible="true" searchable="true" data-type="string">
		<DisplayFieldElement name="Field1" schema-element="dpuk:dpukAssessmentData.meta.insert_user.login"/>
	</DisplayField>
	<DisplayField id="DPUK_DPUKASSESSMENTDATA_FIELD_MAP" header="Field" visible="true" searchable="false" data-type="string" xsi:type="SubQueryField">
		<Content type="sql">field</Content>
		<SubQuery>SELECT DISTINCT ON ( e.ID) e.ID AS expt_id,field FROM xnat_experimentData_field ef JOIN (SELECT ID,extension,element_name FROM xnat_experimentData e JOIN xdat_meta_element xme ON e.extension=xme.xdat_meta_element_id WHERE xme.element_name='dpuk:dpukAssessmentData') e on ef.fields_field_xnat_experimentdat_id=e.id WHERE name='@WHERE'</SubQuery>
		<MappingColumns>
			<MappingColumn schemaField="dpuk:dpukAssessmentData.ID" queryField="expt_id"/>
		</MappingColumns>
	</DisplayField>
	<DisplayField id="HAS_FAMILIAL_GENE" header="HAS_FAMILIAL_GENE" visible="true" searchable="true">
		<DisplayFieldElement name="Field1" schema-element="dpuk:dpukAssessmentData/HAS_FAMILIAL_GENE"/>
	</DisplayField>
	<DisplayField id="HAS_OTHER_RISK_GENE" header="HAS_OTHER_RISK_GENE" visible="true" searchable="true">
		<DisplayFieldElement name="Field1" schema-element="dpuk:dpukAssessmentData/HAS_OTHER_RISK_GENE"/>
	</DisplayField>
	<DisplayField id="DIAGNOSIS_AD" header="DIAGNOSIS_AD" visible="true" searchable="true">
		<DisplayFieldElement name="Field1" schema-element="dpuk:dpukAssessmentData/DIAGNOSIS_AD"/>
	</DisplayField>
	<DisplayField id="DIAGNOSIS_PD" header="DIAGNOSIS_PD" visible="true" searchable="true">
		<DisplayFieldElement name="Field1" schema-element="dpuk:dpukAssessmentData/DIAGNOSIS_PD"/>
	</DisplayField>
	<DisplayField id="DIAGNOSIS_VAD" header="DIAGNOSIS_VAD" visible="true" searchable="true">
		<DisplayFieldElement name="Field1" schema-element="dpuk:dpukAssessmentData/DIAGNOSIS_VAD"/>
	</DisplayField>
	<DisplayField id="DIAGNOSIS_MCI" header="DIAGNOSIS_MCI" visible="true" searchable="true">
		<DisplayFieldElement name="Field1" schema-element="dpuk:dpukAssessmentData/DIAGNOSIS_MCI"/>
	</DisplayField>
	<DisplayField id="DIAGNOSIS_FTD" header="DIAGNOSIS_FTD" visible="true" searchable="true">
		<DisplayFieldElement name="Field1" schema-element="dpuk:dpukAssessmentData/DIAGNOSIS_FTD"/>
	</DisplayField>
	<DisplayField id="DIAGNOSIS_LBD" header="DIAGNOSIS_LBD" visible="true" searchable="true">
		<DisplayFieldElement name="Field1" schema-element="dpuk:dpukAssessmentData/DIAGNOSIS_LBD"/>
	</DisplayField>
	<DisplayField id="DIAGNOSIS_NONE" header="DIAGNOSIS_NONE" visible="true" searchable="true">
		<DisplayFieldElement name="Field1" schema-element="dpuk:dpukAssessmentData/DIAGNOSIS_NONE"/>
	</DisplayField>
	<DisplayField id="MMSE" header="MMSE" visible="true" searchable="true">
		<DisplayFieldElement name="Field1" schema-element="dpuk:dpukAssessmentData/MMSE"/>
	</DisplayField>
	<DisplayField id="MOCA" header="MOCA" visible="true" searchable="true">
		<DisplayFieldElement name="Field1" schema-element="dpuk:dpukAssessmentData/MOCA"/>
	</DisplayField>
	<DisplayField id="APOE" header="APOE" visible="true" searchable="true">
		<DisplayFieldElement name="Field1" schema-element="dpuk:dpukAssessmentData/APOE"/>
	</DisplayField>
	<DisplayField id="CDR" header="CDR" visible="true" searchable="true">
		<DisplayFieldElement name="Field1" schema-element="dpuk:dpukAssessmentData/CDR"/>
	</DisplayField>
	<DisplayVersion versionName="listing" default-order-by="DATE" default-sort-order="DESC" brief-description="DPUKAssessment" dark-color="9999CC" light-color="CCCCFF">
		<DisplayFieldRef id="RPT"/>
		<DisplayFieldRef id="LABEL"/>
		<DisplayFieldRef id="SUBJECT_LABEL" element_name="xnat:subjectData"/>
		<DisplayFieldRef id="DATE"/>
		<DisplayFieldRef id="DIAGNOSIS_AD"/>
		<DisplayFieldRef id="DIAGNOSIS_PD"/>
		<DisplayFieldRef id="DIAGNOSIS_VAD"/>
		<DisplayFieldRef id="DIAGNOSIS_MCI"/>
		<DisplayFieldRef id="DIAGNOSIS_FTD"/>
		<DisplayFieldRef id="DIAGNOSIS_LBD"/>
		<DisplayFieldRef id="DIAGNOSIS_NONE"/>
		<DisplayFieldRef id="MMSE"/>
		<DisplayFieldRef id="MOCA"/>
		<DisplayFieldRef id="CDR"/>
	</DisplayVersion>
	<DisplayVersion versionName="listing_csv" default-order-by="DATE" default-sort-order="DESC" brief-description="DPUKAssessment" dark-color="9999CC" light-color="CCCCFF">
		<DisplayFieldRef id="LABEL"/>
		<DisplayFieldRef id="SUBJECT_LABEL" element_name="xnat:subjectData"/>
		<DisplayFieldRef id="DATE"/>
		<DisplayFieldRef id="DIAGNOSIS_AD"/>
		<DisplayFieldRef id="DIAGNOSIS_PD"/>
		<DisplayFieldRef id="DIAGNOSIS_VAD"/>
		<DisplayFieldRef id="DIAGNOSIS_MCI"/>
		<DisplayFieldRef id="DIAGNOSIS_FTD"/>
		<DisplayFieldRef id="DIAGNOSIS_LBD"/>
		<DisplayFieldRef id="DIAGNOSIS_NONE"/>
		<DisplayFieldRef id="MMSE"/>
		<DisplayFieldRef id="MOCA"/>
		<DisplayFieldRef id="CDR"/>
	</DisplayVersion>
	<DisplayVersion versionName="full" default-order-by="DATE" default-sort-order="DESC" brief-description="DPUKAssessment" dark-color="9999CC" light-color="CCCCFF">
		<DisplayFieldRef id="EXPT_ID"/>
		<DisplayFieldRef id="SUBJECT_LABEL" element_name="xnat:subjectData"/>
		<DisplayFieldRef id="DATE"/>
		<DisplayFieldRef id="DIAGNOSIS_AD"/>
		<DisplayFieldRef id="DIAGNOSIS_PD"/>
		<DisplayFieldRef id="DIAGNOSIS_VAD"/>
		<DisplayFieldRef id="DIAGNOSIS_MCI"/>
		<DisplayFieldRef id="DIAGNOSIS_FTD"/>
		<DisplayFieldRef id="DIAGNOSIS_LBD"/>
		<DisplayFieldRef id="DIAGNOSIS_NONE"/>
		<DisplayFieldRef id="MMSE"/>
		<DisplayFieldRef id="MOCA"/>
		<DisplayFieldRef id="CDR"/>
	</DisplayVersion>
	<DisplayVersion versionName="detailed" default-order-by="DATE" default-sort-order="DESC" brief-description="DPUKAssessment" dark-color="9999CC" light-color="CCCCFF">
		<DisplayFieldRef id="DIAGNOSIS_AD"/>
		<DisplayFieldRef id="DIAGNOSIS_PD"/>
		<DisplayFieldRef id="DIAGNOSIS_VAD"/>
		<DisplayFieldRef id="DIAGNOSIS_MCI"/>
		<DisplayFieldRef id="DIAGNOSIS_FTD"/>
		<DisplayFieldRef id="DIAGNOSIS_LBD"/>
		<DisplayFieldRef id="DIAGNOSIS_NONE"/>
		<DisplayFieldRef id="MMSE"/>
		<DisplayFieldRef id="MOCA"/>
		<DisplayFieldRef id="CDR"/>
	</DisplayVersion>
	<DisplayVersion versionName="project_bundle" default-order-by="DATE" default-sort-order="DESC" brief-description="DPUKAssessment" dark-color="9999CC" light-color="CCCCFF">
		<DisplayFieldRef id="DPUK_DPUKASSESSMENTDATA_PROJECT_IDENTIFIER"/>
		<DisplayFieldRef id="SUB_PROJECT_IDENTIFIER" element_name="xnat:subjectData"/>
		<DisplayFieldRef id="DATE"/>
		<DisplayFieldRef id="DIAGNOSIS_AD"/>
		<DisplayFieldRef id="DIAGNOSIS_PD"/>
		<DisplayFieldRef id="DIAGNOSIS_VAD"/>
		<DisplayFieldRef id="DIAGNOSIS_MCI"/>
		<DisplayFieldRef id="DIAGNOSIS_FTD"/>
		<DisplayFieldRef id="DIAGNOSIS_LBD"/>
		<DisplayFieldRef id="DIAGNOSIS_NONE"/>
		<DisplayFieldRef id="MMSE"/>
		<DisplayFieldRef id="MOCA"/>
		<DisplayFieldRef id="CDR"/>
	</DisplayVersion>
	<ViewLink alias="DPUK_DPUKASSESSMENTDATA_PROJECTS">
		<Mapping TableName="DPUK_DPUKASSESSMENTDATA_PROJECTS">
			<MappingColumn rootElement="dpuk:dpukAssessmentData" fieldElement="dpuk:dpukAssessmentData.ID" mapsTo="id"/>
		</Mapping>
	</ViewLink>
	<SQLView name="DPUK_DPUKASSESSMENTDATA_PROJECTS" sql="SELECT id, '&lt;' || expt.project || '&gt;' || xs_a_concat(',&lt;' || shared.project || '&gt;') AS projects FROM xnat_experimentData expt LEFT JOIN xnat_experimentData_share shared ON expt.id=shared.sharing_share_xnat_experimentda_id LEFT JOIN xdat_meta_element xme ON expt.extension = xme.xdat_meta_element_id WHERE element_name='dpuk:dpukAssessmentData' GROUP BY expt.id,expt.project"/>
</Displays>
